n_components,AMI_fandom,AMI_au,BIC
10,0.3887291491024756,0.016568458710791233,-12764701.083511166
20,0.3924080550042735,0.024752030253586334,-12874751.980732389
50,0.384090054840512,0.025540234701539984,-12645839.632980853
100,0.3708274496312949,0.032793077101425976,-12050152.55343291
