n_components,AMI_fandom,AMI_au,BIC
10,0.6992054441712163,0.028169409685364473,-8142724.735641579
20,0.5902186549497962,0.07233815662721121,-8258516.549204414
50,0.5006103420261895,0.09615252572927369,-8093873.899518449
100,0.44540666748696806,0.10535809833570323,-7572955.438132312
